"","aa3","aa1","aa.count","aa.freq"
"1","Ala","A",35155,0.0780474700897585
"2","Cys","C",8669,0.0192460110427568
"3","Asp","D",24161,0.0536397361638076
"4","Glu","E",28354,0.0629485981204668
"5","Phe","F",17367,0.0385564048655621
"6","Gly","G",33229,0.0737715654561964
"7","His","H",9906,0.0219922696262025
"8","Ile","I",23161,0.0514196403000682
"9","Lys","K",25872,0.0574383201866657
"10","Leu","L",40625,0.090191394464413
"11","Met","M",10101,0.0224251883196316
"12","Asn","N",20212,0.0448725775979007
"13","Pro","P",23435,0.0520279465667327
"14","Gln","Q",19208,0.0426436013507063
"15","Arg","R",23105,0.0512953149316987
"16","Ser","S",32070,0.0711984743501224
"17","Thr","T",26311,0.0584129422708473
"18","Val","V",29012,0.0644094211988074
"19","Trp","W",5990,0.013298374223799
"20","Tyr","Y",14488,0.0321647488738564
